rank,title
1,알사탕 제조법
2,불변의 법칙
3,일류의 조건
4,무엇이 나를 행복하게 만드는가
5,쇼펜하우어 인생수업: 한 번뿐인 삶 이렇게 살아라
6,부의 조건
7,나를 소모하지 않는 현명한 태도에 관하여
8,예약판매 양수인간: 삶의 격을 높이는 내면 변화 심리학
9,깨진 틈이 있어야 그 사이로 빛이 들어온다
10,마흔에 읽는 쇼펜하우어
11,돈의 심리학(30만 부 기념 스페셜 에디션)
12,어차피 남들은 나에게 관심이 없다
13,나는 메트로폴리탄 미술관의 경비원입니다
14,무례한 친구가 생겼어요
15,날개 환상통
16,고층 입원실의 갱스터 할머니
17,내일부터 행복할 예정입니다
18,예약판매 야구잡썰
19,나는 충분히 괜찮은 존재입니다
20,이처럼 사소한 것들
21,해커스 토익 기출 VOCA(보카)
22,세이노의 가르침
23,ETS 토익 정기시험 기출문제집 1000 Vol 4 RC(리딩)
24,The Scent of PAGE : 룸스프레이 60ml
25,The Scent of PAGE : 디퓨저 100ml
26,삶을 견디는 기쁨
27,"오고 있느냐, 봄"
28,ETS 토익 정기시험 기출문제집 1000 Vol 4 LC(리스닝)
29,모순
30,마법천자문 62: 앞으로를 서로 다짐하다! 약속
31,물질의 세계
32,아기와 놀아 주는 꼬꼬맘
33,해커스 토익 RC Reading(리딩) 기본서
34,에그박사의 역대급 사파리(본서+스티커)
35,디 에센셜: 프란츠 카프카(교보문고 특별판)
36,해커스 토익 LC Listening(리스닝) 기본서
37,2024 해커스 GSAT 삼성직무적성검사 통합 기본서 최신기출유형+실전모의고사
38,당신은 결국 무엇이든 해내는 사람(10만 부 기념 특별 리커버 에디션)
39,혼자일 수 없다면 나아갈 수 없다
40,퍼스널 MBA(10주년 기념 증보판)
41,다 하지 못한 말
42,아이는 무엇으로 자라는가
43,기적의 서울대 쌍둥이 공부법
44,나는 3학년 2반 7번 애벌레
45,벚꽃 수영장
46,벼랑 끝이지만 아직 떨어지진 않았어
47,똑똑한 사람은 어떻게 생각하고 질문하는가
48,"2024 큰별쌤 최태성의 별별한국사 한국사능력검정시험 심화(1, 2, 3급)(상)"
49,시대예보: 핵개인의 시대(10만 부 기념 스페셜 에디션)
50,퓨처 셀프
